Month,spot,ln(spot),GDP,ln(GDP),CPI,ln(CPI),M3,ln(M3),BoT,diff(rate)
Jan-99,0.3329,-1.099913134,130.6517801,4.872535617,1.806017019,0.591123879,367.0926091,5.905614157,36.2537497,-12.739
Feb-99,0.3268,-1.118406916,128.4316723,4.85539703,1.788948073,0.581627778,369.6615446,5.912587843,25.90084896,-12.231
Mar-99,0.3223,-1.13227249,127.0714089,4.844749203,1.787564092,0.580853851,368.0206581,5.908139073,246.3827446,-11.636
Apr-99,0.3195,-1.140998005,126.8680363,4.843147462,1.796702968,0.585953301,369.1485404,5.911199112,-35.62153581,-10.35
May-99,0.3133,-1.160594081,128.113173,4.852914037,1.796702968,0.585953301,362.0224122,5.891706122,33.43021057,-9.46
Jun-99,0.3142,-1.157725553,129.0006956,4.859817797,1.775283525,0.573960142,357.61391,5.879453941,54.29307073,-8.758
Jul-99,0.3315,-1.104127469,127.1123027,4.845070969,1.761767833,0.566317755,358.3777478,5.881587592,181.9208187,-7.929
Aug-99,0.3585,-1.025826619,121.4337296,4.799368679,1.764055345,0.567615332,355.0358637,5.872218809,11.02557711,-7.947
Sep-99,0.3845,-0.95581149,115.6934456,4.750943983,1.763219546,0.567141425,349.6128581,5.856826423,10.51128869,-8.074
Oct-99,0.3823,-0.961549638,113.5484327,4.732229466,1.760600393,0.565654883,351.5921701,5.862471896,12.0072362,-8.077
Nov-99,0.3896,-0.942634707,116.8400634,4.76080602,1.740687411,0.554280099,335.249133,5.814873936,7.973092131,-8.358
Dec-99,0.3938,-0.931912113,123.038842,4.812500094,1.735347879,0.5512079,311.0973484,5.74010588,33.73691674,-8.395
Jan-00,0.377,-0.975510092,128.2760889,4.854184886,1.67783573,0.517504707,331.5967798,5.803919712,69.3282431,-8.414
Feb-00,0.373,-0.986176859,128.2824524,4.854234492,1.667026482,0.51104149,339.1908333,5.826562879,24.48492577,-8.349
Mar-00,0.3896,-0.942634707,125.49951,4.832301854,1.67046011,0.513099104,330.8556053,5.801682042,38.95818719,-8.443
Apr-00,0.3881,-0.946492241,123.1843846,4.813682295,1.671075736,0.513467572,327.9495611,5.792859819,39.18885588,-8.259
May-00,0.4024,-0.91030866,123.7531112,4.818288542,1.669978248,0.512810601,333.4017313,5.809348163,10.12832257,-8.3
Jun-00,0.41,-0.891598119,125.2871825,4.830608562,1.655427239,0.504059126,326.4497997,5.788276184,11.33480012,-8.406
Jul-00,0.4103,-0.89086668,124.6846715,4.825787922,1.644836446,0.497640954,329.6558599,5.798049261,16.02575701,-8.398
Aug-00,0.4234,-0.85943792,120.233224,4.78943339,1.644445964,0.497403527,328.4330301,5.794332951,5.948325799,-8.426
Sep-00,0.4302,-0.843505062,115.3483208,4.747956427,1.637327017,0.493065045,326.2696155,5.787724081,21.2581505,-8.642
Oct-00,0.472,-0.750776293,113.6937423,4.733508362,1.623906304,0.484834546,322.9511133,5.77750096,11.00738184,-8.909
Nov-00,0.4483,-0.802292628,117.1900303,4.763796808,1.603130898,0.471958529,313.2751825,5.747081982,7.994577482,-15.297
Dec-00,0.4368,-0.828279855,123.3001636,4.814621737,1.597005984,0.468130616,301.3588085,5.70830161,5.649251681,-13.109
Jan-01,0.4264,-0.852377406,128.0451646,4.85238305,1.581674726,0.458484239,299.7167672,5.702837919,6.029323088,-11.728
Feb-01,0.4158,-0.877550904,127.1296751,4.845207629,1.57175836,0.452194967,303.4779063,5.715308811,23.56103245,-10.263
Mar-01,0.3992,-0.918292735,123.5700675,4.816808343,1.562657811,0.446388097,300.0875016,5.704074104,-47.0876774,-9.484
Apr-01,0.4131,-0.884065585,120.4595755,4.791314224,1.561794757,0.445835645,294.2575024,5.684455243,-6.690964663,-9.648
May-01,0.4204,-0.86654864,120.5133911,4.791760876,1.563408181,0.44686817,295.228643,5.687750117,-1.944868325,-9.24
Jun-01,0.4201,-0.867262501,121.6731347,4.801338225,1.545485747,0.43533826,293.6387092,5.682350131,-23.69153834,-8.506
Jul-01,0.4283,-0.847931394,120.7519173,4.793738171,1.531076769,0.425971258,299.7529081,5.702958496,-13.0203015,-8.628
Aug-01,0.4294,-0.845366394,115.9346203,4.753026414,1.533449254,0.427519612,300.7007048,5.706115434,-9.877918508,-9.258
Sep-01,0.4293,-0.845599304,110.6206673,4.706106937,1.529481105,0.424928531,299.8899379,5.703415534,-432.4614904,-9.405
Oct-01,0.4258,-0.853785527,108.4254706,4.68606303,1.524738527,0.421822938,299.8884435,5.70341055,10.03286268,-9.673
Nov-01,0.4227,-0.861092571,111.1464409,4.710848619,1.514498446,0.415084326,298.6681838,5.699333204,10.36755017,-9.445
Dec-01,0.3904,-0.940583424,116.4746214,4.757673407,1.505929007,0.409409988,287.6585326,5.661774126,18.07935435,-8.782
Jan-02,0.3853,-0.953733027,120.7994866,4.794132036,1.49587697,0.402712637,256.2913281,5.546314798,3.646647803,-7.784
Feb-02,0.3826,-0.960765222,120.2823263,4.789841699,1.485790858,0.395947195,253.2804856,5.534497513,80.60256679,-7.085
Mar-02,0.3846,-0.955551446,117.5973638,4.767266618,1.482099957,0.393459972,248.3759359,5.514943469,-18.65332438,-6.271
Apr-02,0.3962,-0.925836145,115.671344,4.750752928,1.486755769,0.39659641,247.4723775,5.51129897,-6.354821881,-4.592
May-02,0.4053,-0.903127745,116.8914097,4.761245381,1.489141547,0.398199811,247.5731787,5.51170621,-13.96700856,-4.327
Jun-02,0.4217,-0.863461118,119.1049278,4.780004851,1.485331194,0.395637774,250.1805798,5.522182976,-25.47490447,-4.688
Jul-02,0.4268,-0.85143976,118.7235918,4.776798033,1.474660065,0.388427499,250.2017406,5.522267555,-21.77976894,-4.68
Aug-02,0.4385,-0.824395467,113.7459959,4.733967856,1.479287659,0.39156066,249.8951585,5.521041464,-6.742235555,-4.858
Sep-02,0.4281,-0.848398466,107.9615507,4.681775152,1.479287659,0.39156066,246.5350242,5.507504069,-26.49438816,-5.133
Oct-02,0.4306,-0.842575694,105.3295039,4.657093568,1.473969309,0.387958972,245.0904403,5.501627286,-36.26319218,-5.202
Nov-02,0.4384,-0.824623543,107.7143322,4.679482651,1.47174277,0.386447256,244.853515,5.500660134,-23.22677294,-5.177
Dec-02,0.4428,-0.814637078,112.8429046,4.725996627,1.467309809,0.383430663,234.7894688,5.458689235,398.2620187,-5.064
Jan-03,0.4521,-0.793851885,117.1656512,4.763588756,1.456131186,0.375783046,239.2573387,5.477539704,-2.041605481,-5.081
Feb-03,0.462,-0.772190388,116.847573,4.76087029,1.451552157,0.372633437,240.6837332,5.483483761,-34.52951395,-5.582
Mar-03,0.447,-0.805196684,114.3113416,4.738925792,1.451778029,0.372789032,239.0869573,5.476827324,-14.78287164,-6.087
Apr-03,0.4408,-0.819164021,112.3016479,4.721188535,1.452002554,0.372943675,242.3467535,5.490369566,-10.20244181,-7.266
May-03,0.451,-0.796287939,113.0779248,4.728077181,1.455037042,0.375031358,239.4765793,5.478455622,-76.67967399,-6.492
Jun-03,0.449,-0.800732391,114.6914972,4.742245891,1.439756868,0.364474258,230.6665673,5.440973236,-63.38456799,-5.492
Jul-03,0.4547,-0.788117418,114.0056055,4.736247619,1.436744824,0.362380016,241.9499956,5.488731075,-14.24084741,-5.153
Aug-03,0.4702,-0.754597143,109.3147121,4.694230989,1.435509797,0.361520046,241.4279474,5.486571074,-18.97180645,-5.135
Sep-03,0.4961,-0.70097776,104.0506787,4.644878076,1.437011377,0.362565524,238.9551123,5.47627572,107.8327379,-5.235
Oct-03,0.508,-0.677273831,101.7536929,4.622555117,1.434895012,0.361091684,239.2275337,5.477415123,-151.5191949,-5.572
Nov-03,0.5117,-0.670016763,104.0724427,4.645087221,1.425299058,0.354381657,234.0654225,5.45560066,-18.71211019,-6.359
Dec-03,0.5188,-0.656236827,108.7641595,4.689181863,1.422612068,0.352494666,229.450378,5.435686788,-62.88288033,-6.454
Jan-04,0.5293,-0.6361999,112.4172774,4.722217639,1.415475569,0.347465565,229.5416688,5.436084576,-6.721178677,-6.113
Feb-04,0.5137,-0.666115842,111.5470912,4.714446844,1.411348818,0.344545855,231.4252612,5.444256976,-39.31576543,-6.236
Mar-04,0.5334,-0.628483667,108.6561062,4.688187906,1.412258268,0.345190032,229.6820186,5.436695825,-17.37032433,-7.536
Apr-04,0.5087,-0.675896827,106.7172882,4.670183171,1.408158825,0.342283053,229.5064552,5.435931156,-11.9521083,-7.33
May-04,0.5064,-0.680428408,107.8950389,4.681158892,1.405556442,0.340433268,227.6689012,5.427892386,-25.73636146,-7.004
Jun-04,0.5192,-0.655466114,110.1189889,4.701561499,1.390393775,0.329586999,226.9739262,5.424835148,-21.56505441,-7.304
Jul-04,0.4999,-0.693347201,109.9464049,4.699993019,1.370369252,0.315080231,229.8213578,5.437302302,-15.06248963,-7.466
Aug-04,0.5116,-0.670212209,105.4193127,4.657945852,1.366018989,0.311900662,230.4426452,5.440002004,-19.3520257,-7.061
Sep-04,0.5083,-0.676683455,100.0446283,4.60561637,1.364557022,0.31082985,229.2744032,5.434919553,-60.1610892,-7.524
Oct-04,0.5302,-0.634500985,97.57193082,4.580589858,1.365947095,0.311848031,227.1065557,5.425419316,-39.45277424,-7.736
Nov-04,0.5467,-0.603855073,99.77379037,4.602905527,1.353667487,0.302817566,227.3799778,5.426622529,186.7460067,-7.782
Dec-04,0.546,-0.605136303,104.4258636,4.648477381,1.339197757,0.292070746,223.2705674,5.408384343,763.5165016,-7.69
Jan-05,0.5333,-0.628671161,108.0602892,4.682689304,1.329070453,0.28447979,206.8934449,5.332203902,-7.905909512,-7.555
Feb-05,0.5201,-0.653734178,107.1565378,4.674290736,1.31766651,0.275862377,206.8708864,5.332094862,-44.68454182,-6.679
Mar-05,0.5098,-0.673736787,104.4428269,4.648639811,1.320029157,0.277653825,204.9822312,5.322923298,-17.11823989,-6.535
Apr-05,0.5126,-0.668259465,102.7419144,4.632220158,1.31782836,0.2759852,205.4939094,5.325416396,-9.509698635,-6.548
May-05,0.5037,-0.685774426,104.3640573,4.647885338,1.313861584,0.272970575,202.1784876,5.309150909,-5.024903832,-6.023
Jun-05,0.5061,-0.681021001,107.2067347,4.674759071,1.301324313,0.263382448,199.4507425,5.295567301,-8.767761066,-5.714
Jul-05,0.5006,-0.6919479,107.5758928,4.678196578,1.291277995,0.255632422,199.633366,5.296482514,-22.73006404,-5.627
Aug-05,0.5049,-0.683394889,103.2993606,4.637631187,1.287480437,0.252687159,197.550558,5.285994541,-1.228810075,-5.528
Sep-05,0.4961,-0.70097776,97.97451553,4.584707399,1.289826695,0.254507864,199.9560095,5.29809739,-12.4613237,-5.707
Oct-05,0.477,-0.740238788,95.50364904,4.559164457,1.284708335,0.250531716,199.3770039,5.295197524,-13.56358158,-5.769
Nov-05,0.4514,-0.795401415,97.71499807,4.582055059,1.270916187,0.239738047,196.7261383,5.281812601,-15.02634168,-5.299
Dec-05,0.4503,-0.797841252,102.3020741,4.627929947,1.26891912,0.238165452,191.7743927,5.256319643,-20.67608175,-4.872
Jan-06,0.445,-0.809680997,105.6139387,4.659790358,1.258705662,0.23008394,192.8516635,5.261921311,19.67053792,-4.8084
Feb-06,0.4483,-0.802292628,104.0403122,4.644778441,1.243435196,0.217877869,190.721303,5.250813216,238.9406941,-5.046
Mar-06,0.4371,-0.827593277,100.6913691,4.612060087,1.241263191,0.216129563,190.2022946,5.248088214,-154.143455,-4.8725
Apr-06,0.4542,-0.789217649,98.46561569,4.589707408,1.242280961,0.216949174,188.373103,5.238424587,-10.65092363,-4.596
May-06,0.4695,-0.75608698,99.81145207,4.603282927,1.243008484,0.217534638,180.6054202,5.196314652,-5.508884401,-4.57
Jun-06,0.4652,-0.765287858,102.5916678,4.630756719,1.235121374,0.211169244,176.1545376,5.171361664,-14.52987963,-6.15
Jul-06,0.4502,-0.798063351,103.0427088,4.635143551,1.228128393,0.205491379,175.3633398,5.166860049,-18.69069643,-5.636
Aug-06,0.435,-0.832409248,98.88298603,4.593937192,1.237149273,0.21280976,174.5956074,5.162472485,-2.735673378,-4.971
Sep-06,0.4302,-0.843505062,93.7181513,4.540291888,1.235585241,0.211544737,171.8294172,5.146502224,-49.46329231,-5.008
Oct-06,0.4241,-0.857786003,91.40091502,4.51525549,1.229901367,0.206933977,168.7764872,5.128575278,-11.13899628,-5.022
Nov-06,0.4276,-0.8495671,93.68108089,4.539896257,1.220404315,0.19918221,162.9565421,5.093483553,-16.50416749,-4.335
Dec-06,0.4131,-0.884065585,98.24403012,4.587454487,1.220150127,0.198973906,155.1223002,5.044213839,-19.78254842,-3.616
Jan-07,0.4032,-0.908322562,101.4447874,4.619514684,1.2115042,0.191862728,153.0313148,5.030642573,0.17819131,-2.943
Feb-07,0.4095,-0.892818376,99.69420457,4.602107547,1.203636711,0.185347567,152.8123891,5.029210954,268.0379515,-2.276
Mar-07,0.4093,-0.893306895,96.20233751,4.566453656,1.205944162,0.187262797,150.4469563,5.013610572,-176.0859435,-2.312
Apr-07,0.3976,-0.922308804,93.86854027,4.541895296,1.208245866,0.18916961,147.0797931,4.99097525,-35.9162185,-2.271
May-07,0.3803,-0.966794864,95.13929973,4.555342131,1.210541844,0.191068064,150.3264904,5.012809531,-20.45041446,-2.361
Jun-07,0.3762,-0.977634362,97.83862474,4.583319435,1.202029086,0.184011033,147.2954316,4.992440308,-19.38743703,-2.561
Jul-07,0.383,-0.95972029,98.16683518,4.586668431,1.191918219,0.175563958,148.5394977,5.000850901,-7.483930724,-2.781
Aug-07,0.403,-0.908818717,93.83251755,4.541511465,1.198171725,0.180796833,153.8853309,5.036207721,-7.478068954,-2.879
Sep-07,0.3898,-0.942121492,88.57631798,4.48386453,1.201122887,0.183256858,153.8001448,5.035653999,-39.48863445,-2.914
Oct-07,0.3834,-0.958676448,86.32465877,4.45811529,1.20214997,0.184111595,152.7129715,5.028560156,-17.70487456,-2.908
Nov-07,0.3887,-0.944947441,88.8969586,4.48747793,1.197950742,0.180612382,148.81734,5.002719648,-6.096283085,-2.819
Dec-07,0.3642,-1.010052112,93.94923441,4.542754577,1.193343011,0.176758621,135.2698755,4.907271861,-14.5402336,-2.789
Jan-08,0.3819,-0.962596485,97.65571565,4.581448188,1.174885505,0.161170701,147.1094349,4.991176765,1.208715957,-2.823
Feb-08,0.3832,-0.959198233,95.99891191,4.564336857,1.166818818,0.154281087,146.3365169,4.985908879,-21.45651203,-2.925
Mar-08,0.4219,-0.86298696,92.09849784,4.522858633,1.164721424,0.152481938,142.7532707,4.96111776,-10.33370492,-3.11
Apr-08,0.4055,-0.902634405,89.29049098,4.491894998,1.155257595,0.144323345,144.1413429,4.970794366,-7.537429385,-3.39
May-08,0.4157,-0.877791433,89.96127665,4.499379318,1.159402931,0.147905158,142.979744,4.96270297,-5.392797964,-3.762
Jun-08,0.422,-0.862749965,92.05161742,4.522349479,1.158576427,0.147192034,138.7109101,4.932391984,-1.138881299,-4.24
Jul-08,0.4084,-0.895508193,92.13619827,4.523267898,1.152867581,0.142252387,139.9361218,4.941186045,-0.493160573,-4.849
Aug-08,0.417,-0.874669057,88.08213381,4.478269718,1.149738105,0.139534182,138.9288803,4.933962149,4.208392777,-5.56
Sep-08,0.4503,-0.797841252,83.04365767,4.419366466,1.145768929,0.136075965,135.2798678,4.907345728,-0.177663874,-6.156
Oct-08,0.4947,-0.703803761,80.4310605,4.387400426,1.140659551,0.131606649,134.0665387,4.898336234,1.113460823,-6.427
Nov-08,0.5125,-0.668454568,81.80680347,4.404360412,1.12756578,0.120061132,129.6644732,4.864950139,-69.95427634,-6.202
Dec-08,0.5221,-0.649896139,85.37312351,4.447031338,1.124192679,0.117065159,123.7973375,4.818645854,4.47549664,-5.382
Jan-09,0.5232,-0.647791479,88.03853098,4.477774571,1.108206419,0.102742869,129.5090512,4.863750772,11.12458744,-3.927
Feb-09,0.4904,-0.712533894,86.60633404,4.461372954,1.100990546,0.096210271,129.5744139,4.864255341,-1.115700046,-3.551
Mar-09,0.4983,-0.696552974,83.74614622,4.427790154,1.104445537,0.099343433,129.0302578,4.860046933,0.129558046,-3.758
Apr-09,0.4993,-0.694548161,81.91813662,4.405720415,1.099378994,0.094745469,129.4834161,4.863552812,-1.681517628,-3.72
May-09,0.4909,-0.711514838,83.11695522,4.420248715,1.097088621,0.092659963,128.3884352,4.855060319,-4.631682851,-3.724
Jun-09,0.5032,-0.686767574,85.62347707,4.44995951,1.091116191,0.087201201,125.2332774,4.830178217,-6.052330575,-3.877
Jul-09,0.504,-0.685179011,86.37524725,4.458701145,1.086474166,0.082937743,126.9942029,4.844141439,-4.464371012,-3.623
Aug-09,0.523,-0.648173815,83.39961312,4.42364367,1.087458819,0.083843615,125.2341564,4.830185236,-9.954271944,-3.408
Sep-09,0.5282,-0.638280279,79.43667731,4.374960193,1.086245137,0.082726921,124.3539874,4.823132235,-139.5539316,-3.452
Oct-09,0.5219,-0.65027928,77.61066424,4.351704844,1.0780905,0.075191421,121.9475339,4.803590902,-115.6396549,-3.343
Nov-09,0.5404,-0.615445673,79.36120037,4.374009588,1.07224747,0.069756885,118.5676567,4.77548374,50.18938591,-3.299
Dec-09,0.5059,-0.681416258,82.77731775,4.416154084,1.067622872,0.065434562,115.2138385,4.746789867,-7.674602303,-3.427
Jan-10,0.52,-0.653926467,84.89638212,4.441431479,1.064040911,0.062073841,120.3812406,4.790663712,-0.512870107,-3.456
Feb-10,0.5194,-0.65508098,83.04456806,4.419377428,1.05705596,0.055487648,119.6618876,4.784670163,-16.52576154,-3.488
Mar-10,0.4873,-0.718875329,80.09967857,4.383271841,1.056970839,0.055407118,118.1836516,4.772239784,-21.67752868,-3.45
Apr-10,0.4747,-0.745072253,78.50956187,4.363220425,1.048954809,0.047794249,117.5648428,4.766990035,-6.631214111,-3.443
May-10,0.5086,-0.676093426,80.32770767,4.386114613,1.05123267,0.049963447,117.4482475,4.76599779,-4.715492859,-3.462
Jun-10,0.5181,-0.657587005,83.6762602,4.426955308,1.044485565,0.043524482,116.6435093,4.759122355,17.58255929,-3.543
Jul-10,0.5269,-0.640744502,85.03330483,4.443043001,1.036740878,0.036082021,118.4492449,4.774484556,-37.38731887,-3.601
Aug-10,0.5346,-0.626236475,82.06648368,4.407529695,1.033380091,0.032835071,118.5266144,4.775137529,1.770440835,-3.591
Sep-10,0.5247,-0.644928608,77.69666417,4.352812324,1.036680651,0.036023928,114.9773309,4.744734986,9.058990918,-3.607
Oct-10,0.533,-0.629233855,75.40030159,4.322811275,1.041084196,0.040262666,116.1780697,4.755124098,-60.94270319,-3.398
Nov-10,0.5253,-0.643785751,76.78470636,4.341005484,1.030035263,0.029593037,113.1282655,4.728522268,-1.693583915,-2.1
Dec-10,0.5374,-0.621012583,79.9565336,4.381483157,1.025668299,0.025344399,106.6790472,4.669824768,-8.370687159,-0.435
Jan-11,0.537,-0.621757184,81.88834157,4.405356631,1.020232265,0.020030312,112.5563802,4.723454254,33.25841323,-0.36
Feb-11,0.5367,-0.622316,79.84332221,4.380066242,1.009515539,0.009470552,111.5474735,4.714450272,-5.840664373,-1.315
Mar-11,0.5241,-0.646072773,76.74561548,4.340496258,1.008476372,0.008440649,109.7254039,4.697980917,-1.243223799,-0.73985
Apr-11,0.5281,-0.638469619,75.09442383,4.318746306,1.004284381,0.004275229,112.564974,4.723530602,3.409640524,-0.45714
May-11,0.5348,-0.625862434,77.03281789,4.344231537,1.00323934,0.003234105,111.308181,4.71230276,9.675856797,-0.76386
Jun-11,0.5387,-0.618596449,80.64103605,4.390007652,0.994932784,-0.005080098,107.106819,4.673826645,-1.519115847,-2.35186
Jul-11,0.5432,-0.610277703,82.24291061,4.409677193,0.993906022,-0.006112622,112.012283,4.718608535,-1.12139809,-2.07186
Aug-11,0.5545,-0.589688472,79.37520395,4.374186027,0.992907318,-0.007117955,110.7581455,4.707348955,7.486465001,-1.10643
Sep-11,0.5683,-0.565105831,75.01136073,4.317639579,0.991885808,-0.008147291,109.7818253,4.69849499,-2.118427407,-0.15471
Oct-11,0.5666,-0.568101692,72.71726747,4.286578873,0.99191272,-0.008120159,111.0314555,4.709813544,2.833976129,-0.04371
Nov-11,0.5617,-0.576787379,74.11810954,4.305659896,0.980595759,-0.019594975,107.7807068,4.68009867,3.627160921,-0.61471
Dec-11,0.5638,-0.5730557,77.32042055,4.347958093,0.982641477,-0.017510949,102.1774046,4.626710563,1.478021462,-1.22671
Jan-12,0.563,-0.574475651,79.3872681,4.374338004,0.977720391,-0.022531549,107.3429148,4.676028521,12.76485374,-1.20523
Feb-12,0.5329,-0.62942149,77.64531073,4.352151158,0.977802237,-0.022447841,106.8334379,4.671270967,-0.396802826,-1.50833
Mar-12,0.5217,-0.650662569,74.57832921,4.311849972,0.979944624,-0.020259215,107.3719486,4.676298961,0.680101462,-1.95033
Apr-12,0.5282,-0.638280279,72.6497853,4.285650435,0.974073728,-0.026268282,106.3554429,4.66678672,29.48991476,-2.16233
May-12,0.5497,-0.598382604,73.67755525,4.299698211,0.970029264,-0.030429038,105.9455238,4.662925035,17.3891823,-1.84233
Jun-12,0.5322,-0.63073592,75.96803148,4.330312613,0.960098695,-0.040719193,103.5203462,4.639768175,-0.618545027,-1.69445
Jul-12,0.5361,-0.623434568,76.53383445,4.337732923,0.953238389,-0.04789026,107.0046386,4.672872185,14.37514602,-1.57673
Aug-12,0.5382,-0.619525041,73.47276087,4.296914737,0.951477426,-0.049739317,108.0680183,4.682760828,4.866173077,-1.14673
Sep-12,0.5396,-0.616927155,69.44688588,4.240562228,0.953431343,-0.047687862,105.3044245,4.656855437,9.583854249,-0.66973
Oct-12,0.5183,-0.657201054,67.43793766,4.211207733,0.953431343,-0.047687862,104.1936984,4.646251651,5.582825957,-0.26164
Nov-12,0.4984,-0.696352312,68.77231776,4.230801306,0.948519387,-0.05285305,100.1049101,4.606218737,5.214575522,0.14318
Dec-12,0.4787,-0.736681183,71.75900949,4.273313415,0.948519387,-0.05285305,95.47193672,4.558832348,4.225429818,0.11018
Jan-13,0.4465,-0.806315879,73.79707832,4.301319142,0.944849904,-0.056729196,99.86251577,4.603794398,54.10709279,0.24182
Feb-13,0.4419,-0.816671667,72.48596816,4.283393,0.940065335,-0.061805901,99.23128173,4.597453305,12.61356968,0.21909
Mar-13,0.4333,-0.83632495,70.13212112,4.250380908,0.940218286,-0.061643211,97.30502979,4.577850682,12.25906637,0.17
Apr-13,0.4211,-0.864884944,68.81310732,4.23139424,0.941366795,-0.060422423,96.57674953,4.570338024,11.80234376,0.18818
May-13,0.4208,-0.865597618,70.27736602,4.252449784,0.941441774,-0.060342776,94.11402354,4.544507063,61.27211461,0.01118
Jun-13,0.4407,-0.819390907,72.98135189,4.290203955,0.935952318,-0.066190746,88.60772877,4.484219086,3.931491344,-0.67182
Jul-13,0.4428,-0.814637078,74.01714757,4.30429679,0.937931075,-0.064078813,85.04077274,4.443130821,14.13736443,-0.438
Aug-13,0.4543,-0.788997506,71.47710181,4.269377144,0.940899212,-0.060919253,85.24408351,4.445518712,12.59826239,-0.361
Sep-13,0.4408,-0.819164021,67.83801308,4.217122703,0.942036374,-0.059711392,82.66832624,4.414836533,12.37789856,-0.638
Oct-13,0.4383,-0.824851672,66.03315357,4.190156943,0.943023833,-0.058663723,82.22106125,4.409411489,-52.41857496,0.221
Nov-13,0.4282,-0.848164903,67.40884252,4.210776204,0.93847256,-0.063501662,77.32709629,4.348044428,8.929932526,0.219
Dec-13,0.4239,-0.858257701,70.18887828,4.251189869,0.933150185,-0.069189121,74.73292343,4.313920737,23.43204052,0.042
Jan-14,0.4418,-0.816897988,71.62261328,4.271410852,0.929500547,-0.073107884,74.97744452,4.317187329,14.74998105,-0.473
Feb-14,0.4374,-0.826907171,69.36895345,4.239439411,0.927726691,-0.075018104,75.0277704,4.317858317,34.23721848,-1.246
Mar-14,0.4375,-0.826678573,66.19876422,4.192661795,0.93055751,-0.071971399,73.9909378,4.303942623,58.06780669,-0.788
Apr-14,0.4332,-0.836555764,64.23100608,4.162486055,0.947290599,-0.054149371,74.6542812,4.312867873,8.951597739,-1.228
May-14,0.4317,-0.840024376,65.38016437,4.180218915,0.94845908,-0.052916632,74.73583248,4.313959662,-9.249690609,-1.136
Jun-14,0.4316,-0.840256046,68.01937291,4.21979256,0.946593302,-0.054885737,73.83001014,4.30176529,-11.46628052,-0.825
Jul-14,0.4224,-0.861802547,69.14038421,4.236138991,0.945764594,-0.055761584,73.44537196,4.296541891,60.51841093,-0.947
Aug-14,0.4209,-0.865360003,66.70667946,4.20030509,0.945901279,-0.055617072,73.62045592,4.298922921,22.21645168,-1.163
Sep-14,0.4109,-0.889405403,63.21156544,4.146487282,0.946037448,-0.055473125,72.81346321,4.287900872,-132.1580774,-1.034
Oct-14,0.4108,-0.889648801,61.58758938,4.120460379,0.943156115,-0.058523458,73.05889936,4.291265956,14.62964333,-0.952
Nov-14,0.3815,-0.963644428,63.20131045,4.146325036,0.940274783,-0.061583124,72.35157802,4.281537264,21.64034359,-1.116
Dec-14,0.3706,-0.992631965,66.32898783,4.194627024,0.94205224,-0.059694549,69.23590669,4.237519611,8.675335497,-1.237
Jan-15,0.3729,-0.986444992,68.22907123,4.222870738,0.94108998,-0.060716522,71.27152431,4.266496869,7.73081015,-1.375
Feb-15,0.3691,-0.996687669,66.40166798,4.195722176,0.935628115,-0.066537195,70.93317193,4.261738193,3.035283336,-1.37
Mar-15,0.3729,-0.986444992,63.51994087,4.151353886,0.936739915,-0.065349607,70.14724162,4.250596485,-7.559415721,-1.227
Apr-15,0.3717,-0.989668202,61.73317348,4.122821444,0.939757621,-0.062133287,70.73468742,4.258936081,0.820038611,-1.485
May-15,0.3601,-1.021373508,62.87606141,4.14116551,0.942622736,-0.059089145,70.49254428,4.255506949,-28.84384144,-1.88
Jun-15,0.3689,-0.997229674,65.37531511,4.180144742,0.940640022,-0.061194761,69.64705335,4.243440393,0.918606656,-1.973
Jul-15,0.3675,-1.00103196,66.32664098,4.194591641,0.938802583,-0.063150064,69.81921549,4.245909265,1.54155635,-1.909
Aug-15,0.386,-0.95191791,63.77964167,4.155434043,0.938876873,-0.063070934,69.60385226,4.242819914,4.711187744,-1.83
Sep-15,0.3918,-0.937003773,60.21087312,4.097852953,0.941595957,-0.060179016,69.18534423,4.236789052,0.814495545,-1.336
Oct-15,0.3871,-0.949072221,58.47051847,4.068522669,0.940712659,-0.061117543,68.86257505,4.232112853,-0.468985281,-1.322
Nov-15,0.3839,-0.957373177,59.84067126,4.091685551,0.935138026,-0.067061139,67.66526916,4.214573037,3.451048558,-1.604
Dec-15,0.392,-0.936493439,62.67054571,4.137891572,0.932518592,-0.06986619,64.93382407,4.17336866,-0.762431059,-1.667
Jan-16,0.4025,-0.910060182,64.33298624,4.164072505,0.927849933,-0.074885269,65.48869781,4.181877575,2.224348398,-1.515
Feb-16,0.4174,-0.873710284,62.45844087,4.134501389,0.929666853,-0.07292898,65.62513316,4.18395875,-1.588304344,-1.415
Mar-16,0.4101,-0.891354247,59.51350745,4.086203303,0.928882824,-0.07377268,64.23026061,4.162474449,-3.326283931,-1.371
Apr-16,0.4327,-0.837710632,57.76030453,4.056301767,0.927323502,-0.075452797,64.45634337,4.165988148,-2.735946109,-1.491
May-16,0.421,-0.865122445,58.81212942,4.074348116,0.927407683,-0.075362023,63.88907037,4.157148304,0.183901912,-1.614
Jun-16,0.4568,-0.783509621,61.18929018,4.113972177,0.923892148,-0.079159938,63.68929684,4.154016524,-2.519157477,-1.529
Jul-16,0.4474,-0.80430223,62.17109435,4.129890171,0.920305882,-0.083049184,63.47599274,4.150661767,-1.850095317,-1.389
Aug-16,0.4513,-0.795622972,59.91261518,4.092887087,0.919456891,-0.083972119,63.98912635,4.158713168,0.141434422,-1.421
Sep-16,0.4777,-0.738772359,56.70010193,4.037776008,0.91954778,-0.083873274,63.03369386,4.143669407,-2.096066496,-1.265
Oct-16,0.4608,-0.77479117,55.19913845,4.010947345,0.923475405,-0.079611112,62.84490042,4.140669793,-1.882198829,-1.225
Nov-16,0.4441,-0.811705517,56.64243261,4.036758397,0.919247038,-0.084200381,62.00426627,4.127203193,-0.511802845,-1.428
Dec-16,0.4251,-0.855430844,59.45343769,4.085193446,0.914034328,-0.08988715,59.54154531,4.086674309,-2.24198711,-1.499
Jan-17,0.4381,-0.825308084,61.0880541,4.112316333,0.911345016,-0.092833731,60.37837488,4.100631009,4.127993902,-1.724
Feb-17,0.446,-0.807436327,59.24325818,4.081651988,0.907109366,-0.097492257,60.24967366,4.098497156,-4.192114998,-2.048
Mar-17,0.4486,-0.801623657,56.46719761,4.033659896,0.904644395,-0.100213347,59.77701008,4.09062114,-2.495247172,-2.311
Apr-17,0.4474,-0.80430223,54.72811207,4.002377509,0.905871449,-0.098857871,59.85120822,4.091861619,-2.677983667,-2.291
May-17,0.45,-0.798507696,55.70129885,4.020003465,0.906791116,-0.097843158,59.29882602,4.082589509,0.709210418,-2.121
Jun-17,0.45,-0.798507696,57.99297575,4.060321896,0.908333057,-0.096144165,57.99770738,4.060403482,-2.377098846,-2.038
Jul-17,0.4571,-0.782853094,59.05111581,4.078403438,0.904849505,-0.099986641,57.56449827,4.052906028,-2.710243661,-2.077
Aug-17,0.4642,-0.767439785,57.11623288,4.045088365,0.905053876,-0.099760806,57.11007147,4.044980484,-0.307628654,-2.104
Sep-17,0.4547,-0.788117418,54.23277146,3.993285365,0.902920922,-0.102120302,56.68744066,4.037552681,-3.246421724,-2.004
Oct-17,0.4555,-0.786359562,52.86491346,3.967739857,0.902111127,-0.103017566,56.29665722,4.030635159,-0.937440704,-1.895
Nov-17,0.4519,-0.794294363,54.18118728,3.99233375,0.902422289,-0.102672699,55.91989441,4.02392021,-0.279049421,-2.085
Dec-17,0.4423,-0.815766894,56.74255489,4.038524456,0.903537796,-0.101437337,54.62987986,4.000580983,-0.780108934,-2.122
Jan-18,0.4725,-0.749717532,58.20676581,4.064001599,0.899627355,-0.105774651,54.99676699,4.007274401,2.598854012,-2.209
Feb-18,0.4847,-0.724225136,56.46143343,4.033557811,0.893280778,-0.112854327,54.29650799,3.994459915,0.047520732,-2.602
Mar-18,0.4957,-0.701784374,53.85001087,3.986202605,0.885123742,-0.122027822,53.63465724,3.982195449,-2.782007968,-2.911
Apr-18,0.4765,-0.741287556,52.15295899,3.95418092,0.880373577,-0.127408942,53.72579244,3.983893192,-1.460550651,-3.343
May-18,0.4838,-0.726083681,52.90039023,3.968410716,0.881381221,-0.126265033,53.02221964,3.970711064,1.29443696,-3.329
Jun-18,0.4844,-0.724844267,54.80051435,4.00369958,0.87667204,-0.131622313,53.21326151,3.974307642,-1.782094945,-3.278
Jul-18,0.4796,-0.734802856,55.54017901,4.017106705,0.873638573,-0.135088521,53.06259224,3.971472202,0.492562528,-3.206
Aug-18,0.4815,-0.730849048,53.54663778,3.980553008,0.87513748,-0.133374285,52.90554319,3.96850812,1.083308427,-3.148
Sep-18,0.4785,-0.737099068,50.77995851,3.927501759,0.872257877,-0.136670168,53.01454329,3.970566278,-0.26835095,-3.299
Oct-18,0.474,-0.746547957,49.52706175,3.902519222,0.871886237,-0.137096326,53.12886037,3.97272029,0.899002322,-4.728
Nov-18,0.463,-0.770028225,50.86418433,3.929159028,0.866443197,-0.143358727,52.6890223,3.964407128,1.578280572,-5.131
Dec-18,0.4751,-0.744229971,53.41589416,3.978108345,0.865316747,-0.144659658,51.15591974,3.934878219,-0.11627715,-5.306
Jan-19,0.4806,-0.732719956,54.94592415,4.006349504,0.863843867,-0.146363236,52.15041577,3.954132154,2.899965882,-5.414
Feb-19,0.4686,-0.758005753,53.38496727,3.977529195,0.861643925,-0.148913174,51.77182012,3.946845988,-1.046438155,-5.545
Mar-19,0.4771,-0.740029166,50.95390937,3.930921486,0.85945516,-0.151456626,51.62951747,3.944093553,-1.349457478,-5.704
Apr-19,0.4668,-0.761854379,49.39870592,3.899924228,0.85913144,-0.151833354,51.22952079,3.936315944,-0.135088342,-5.556
May-19,0.4768,-0.740658163,50.18911616,3.915798194,0.857683872,-0.153519695,51.08907603,3.933570698,2.301604929,-5.26
Jun-19,0.4765,-0.741287556,52.02653359,3.95175385,0.8538106,-0.158045889,50.70864608,3.92609643,-1.941138238,-4.547
Jul-19,0.4698,-0.755448207,52.61714283,3.963041976,0.851663549,-0.160563725,50.57816549,3.923519971,0.60659127,-3.777
Aug-19,0.4915,-0.710293339,50.41681448,3.92032474,0.851942055,-0.160236765,50.6577423,3.925092078,0.44069317,-3.317
Sep-19,0.482,-0.729811165,47.35285604,3.857627136,0.850658453,-0.161744579,50.11543599,3.914329064,0.329429287,-3.084
Oct-19,0.4689,-0.757365753,45.66886082,3.821416683,0.851076635,-0.161253101,49.81987853,3.908414072,-0.027184345,-2.986
Nov-19,0.4639,-0.768086267,46.4984171,3.839418271,0.849096357,-0.163582605,48.9423906,3.890643904,0.21053844,-3.15
Dec-19,0.4629,-0.770244231,49.49422418,3.90185598,0.846287105,-0.16689661,46.75810074,3.844987519,0.467487415,-3.171
